category,title,price,image_url
Travel,It's Only the Himalayas,Â£45.17,https://books.toscrape.com/media/cache/27/a5/27a53d0bb95bdd88288eaf66c9230d7e.jpg
Travel,Full Moon over Noahâs Ark: An Odyssey to Mount Ararat and Beyond,Â£49.43,https://books.toscrape.com/media/cache/57/77/57770cac1628f4407636635f4b85e88c.jpg
Travel,See America: A Celebration of Our National Parks & Treasured Sites,Â£48.87,https://books.toscrape.com/media/cache/9a/7e/9a7e63f12829df4b43b31d110bf3dc2e.jpg
Travel,Vagabonding: An Uncommon Guide to the Art of Long-Term World Travel,Â£36.94,https://books.toscrape.com/media/cache/d5/bf/d5bf0090470b0b8ea46d9c166f7895aa.jpg
Travel,Under the Tuscan Sun,Â£37.33,https://books.toscrape.com/media/cache/98/c2/98c2e95c5fd1a4e7cd5f2b63c52826cb.jpg
Travel,A Summer In Europe,Â£44.34,https://books.toscrape.com/media/cache/4e/15/4e15150388702ebca2c5a523ac270539.jpg
Travel,The Great Railway Bazaar,Â£30.54,https://books.toscrape.com/media/cache/76/de/76de41867f323d7f1f4fbe2fdfc1b2ba.jpg
Travel,A Year in Provence (Provence #1),Â£56.88,https://books.toscrape.com/media/cache/db/46/db46159b05faa5d95262112bf9c29ddd.jpg
Travel,The Road to Little Dribbling: Adventures of an American in Britain (Notes From a Small Island #2),Â£23.21,https://books.toscrape.com/media/cache/e0/4f/e04f8eda2a2fa947aec17640202d9ab0.jpg
Travel,Neither Here nor There: Travels in Europe,Â£38.95,https://books.toscrape.com/media/cache/06/81/0681530a7bc301caf5c3257e1b0f0750.jpg
Travel,"1,000 Places to See Before You Die",Â£26.08,https://books.toscrape.com/media/cache/d7/0f/d70f7edd92705c45a82118c3ff6c299d.jpg
Mystery,Sharp Objects,Â£47.82,https://books.toscrape.com/media/cache/32/51/3251cf3a3412f53f339e42cac2134093.jpg
Mystery,"In a Dark, Dark Wood",Â£19.63,https://books.toscrape.com/media/cache/23/85/238570a1c284e730dbc737a7e631ae2b.jpg
Mystery,The Past Never Ends,Â£56.50,https://books.toscrape.com/media/cache/89/b8/89b850edb01851a91f64ba114b96acb6.jpg
Mystery,A Murder in Time,Â£16.64,https://books.toscrape.com/media/cache/11/aa/11aaad48b5f15e262456ca65294084da.jpg
Mystery,The Murder of Roger Ackroyd (Hercule Poirot #4),Â£44.10,https://books.toscrape.com/media/cache/29/fe/29fe70b1b2e5a9ba61d4bd331255e19e.jpg
Mystery,The Last Mile (Amos Decker #2),Â£54.21,https://books.toscrape.com/media/cache/37/f1/37f118b4a56d866e1e8b563759d6966c.jpg
Mystery,That Darkness (Gardiner and Renner #1),Â£13.92,https://books.toscrape.com/media/cache/44/9e/449ed681142bc336646abee754e96639.jpg
Mystery,Tastes Like Fear (DI Marnie Rome #3),Â£10.69,https://books.toscrape.com/media/cache/3c/91/3c91d97266bd6dda322089695fb46daf.jpg
Mystery,A Time of Torment (Charlie Parker #14),Â£48.35,https://books.toscrape.com/media/cache/e8/c0/e8c0ba15066bab950ae161fd60949b9a.jpg
Mystery,A Study in Scarlet (Sherlock Holmes #1),Â£16.73,https://books.toscrape.com/media/cache/8f/a4/8fa41d6caa10e427356b8a590eb4d96b.jpg
Mystery,Poisonous (Max Revere Novels #3),Â£26.80,https://books.toscrape.com/media/cache/23/52/2352718971d5e166fa9541a5a7d716fa.jpg
Mystery,Murder at the 42nd Street Library (Raymond Ambler #1),Â£54.36,https://books.toscrape.com/media/cache/c3/8d/c38d65cd155b67ca025f0655bd1bb095.jpg
Mystery,Most Wanted,Â£35.28,https://books.toscrape.com/media/cache/8b/bc/8bbc5ab4c3784b4d9b93eb0fd1fb6fd6.jpg
Mystery,Hide Away (Eve Duncan #20),Â£11.84,https://books.toscrape.com/media/cache/57/07/5707c3d5d4fd44d943d51730ba7d429a.jpg
Mystery,Boar Island (Anna Pigeon #19),Â£59.48,https://books.toscrape.com/media/cache/d5/81/d58157866ea8f015a8e4c55b23b8c96f.jpg
Mystery,The Widow,Â£27.26,https://books.toscrape.com/media/cache/fd/71/fd71fb07247bf911505a351c0670c6dc.jpg
Mystery,Playing with Fire,Â£13.71,https://books.toscrape.com/media/cache/90/0b/900bd2e60d56b6480a4e8eb2dddb46d6.jpg
Mystery,What Happened on Beale Street (Secrets of the South Mysteries #2),Â£25.37,https://books.toscrape.com/media/cache/c7/ab/c7abb5e32bd37118a87523dcee0a70a6.jpg
Mystery,The Bachelor Girl's Guide to Murder (Herringford and Watts Mysteries #1),Â£52.30,https://books.toscrape.com/media/cache/95/d7/95d7541679fcbd579b8a4f2b47231aaf.jpg
Mystery,Delivering the Truth (Quaker Midwife Mystery #1),Â£20.89,https://books.toscrape.com/media/cache/57/31/5731a5d46c2c1e88977eb5e6d1337a2e.jpg
Historical Fiction,Tipping the Velvet,Â£53.74,https://books.toscrape.com/media/cache/26/0c/260c6ae16bce31c8f8c95daddd9f4a1c.jpg
Historical Fiction,Forever and Forever: The Courtship of Henry Longfellow and Fanny Appleton,Â£29.69,https://books.toscrape.com/media/cache/d6/58/d658a1485b130ff26ca5fb0d5975ed2e.jpg
Historical Fiction,A Flight of Arrows (The Pathfinders #2),Â£55.53,https://books.toscrape.com/media/cache/82/96/8296f92b70fb1dafefecda92c1d51941.jpg
Historical Fiction,The House by the Lake,Â£36.95,https://books.toscrape.com/media/cache/0d/cb/0dcb33d60b0e79adf8ab9842e697ea2e.jpg
Historical Fiction,Mrs. Houdini,Â£30.25,https://books.toscrape.com/media/cache/0e/fe/0efe86960cdff718aed01a5c3f65b1c3.jpg
Historical Fiction,The Marriage of Opposites,Â£28.08,https://books.toscrape.com/media/cache/0f/c2/0fc21ec3489cb23116778ee84f425eca.jpg
Historical Fiction,Glory over Everything: Beyond The Kitchen House,Â£45.84,https://books.toscrape.com/media/cache/96/41/964194a317f8ce5ed031bf4c9ceb43ab.jpg
Historical Fiction,"Love, Lies and Spies",Â£20.55,https://books.toscrape.com/media/cache/7a/22/7a224a6e174af91950e9b124afe54e0e.jpg
Historical Fiction,A Paris Apartment,Â£39.01,https://books.toscrape.com/media/cache/16/57/16575316618bd7e922d5b0e0f87de2ca.jpg
Historical Fiction,Lilac Girls,Â£17.28,https://books.toscrape.com/media/cache/6c/2e/6c2e764e3ea89859b52df8de4f12af7a.jpg
Historical Fiction,The Constant Princess (The Tudor Court #1),Â£16.62,https://books.toscrape.com/media/cache/fc/80/fc80b999ff4b8ef24b7071f62d2bf6d1.jpg
Historical Fiction,The Invention of Wings,Â£37.34,https://books.toscrape.com/media/cache/62/fa/62fa1e72f06f05762db5d9cedf654153.jpg
Historical Fiction,World Without End (The Pillars of the Earth #2),Â£32.97,https://books.toscrape.com/media/cache/be/7c/be7ce6fbc9a8e1a5a5b5c32e73cfd78a.jpg
Historical Fiction,The Passion of Dolssa,Â£28.32,https://books.toscrape.com/media/cache/6b/82/6b822681c4035131560d40dd3b5a6a2e.jpg
Historical Fiction,Girl With a Pearl Earring,Â£26.77,https://books.toscrape.com/media/cache/b7/ad/b7ad37d93d8401c84d7325aa645ff6d5.jpg
Historical Fiction,Voyager (Outlander #3),Â£21.07,https://books.toscrape.com/media/cache/b5/d8/b5d813da01f2ccd7bcfe34e2b875e752.jpg
Historical Fiction,The Red Tent,Â£35.66,https://books.toscrape.com/media/cache/b2/8f/b28f211e50e74445ca071d4279d1080d.jpg
Historical Fiction,The Last Painting of Sara de Vos,Â£55.55,https://books.toscrape.com/media/cache/bf/fd/bffd473ab232c5f35e8c81bb927f1624.jpg
Historical Fiction,The Guernsey Literary and Potato Peel Pie Society,Â£49.53,https://books.toscrape.com/media/cache/18/f7/18f7bf6366cd7a8b947fd790d808047b.jpg
Historical Fiction,Girl in the Blue Coat,Â£46.83,https://books.toscrape.com/media/cache/bf/7a/bf7a5bc1d1ebac5e9b6fbb147828a123.jpg
Sequential Art,Scott Pilgrim's Precious Little Life (Scott Pilgrim #1),Â£52.29,https://books.toscrape.com/media/cache/94/b1/94b1b8b244bce9677c2f29ccc890d4d2.jpg
Sequential Art,Tsubasa: WoRLD CHRoNiCLE 2 (Tsubasa WoRLD CHRoNiCLE #2),Â£16.28,https://books.toscrape.com/media/cache/36/df/36df4caaf1420b1183a8235355d39e69.jpg
Sequential Art,This One Summer,Â£19.49,https://books.toscrape.com/media/cache/c4/dd/c4ddd9ced89966b0602ec85e00cd5b61.jpg
Sequential Art,The Nameless City (The Nameless City #1),Â£38.16,https://books.toscrape.com/media/cache/f4/79/f479de5f305c2ac0512702cf7155bb74.jpg
Sequential Art,"Saga, Volume 5 (Saga (Collected Editions) #5)",Â£51.04,https://books.toscrape.com/media/cache/e1/ea/e1ea6cb36e62ae6dc7b805f68ab9a700.jpg
Sequential Art,"Rat Queens, Vol. 3: Demons (Rat Queens (Collected Editions) #11-15)",Â£50.40,https://books.toscrape.com/media/cache/f3/ef/f3efd43ae0fa85d9b325d5e8783e7af5.jpg
Sequential Art,"Princess Jellyfish 2-in-1 Omnibus, Vol. 01 (Princess Jellyfish 2-in-1 Omnibus #1)",Â£13.61,https://books.toscrape.com/media/cache/78/0b/780b2c28122750c2c383846155815bf7.jpg
Sequential Art,"Pop Gun War, Volume 1: Gift",Â£18.97,https://books.toscrape.com/media/cache/c8/2f/c82f629a31b3f47bdb17ac14aa51076d.jpg
Sequential Art,Patience,Â£10.16,https://books.toscrape.com/media/cache/01/72/01726c619a05114dca75bd840095016d.jpg
Sequential Art,"Outcast, Vol. 1: A Darkness Surrounds Him (Outcast #1)",Â£15.44,https://books.toscrape.com/media/cache/cb/00/cb004189f548d75ad430d3ed19e6daa9.jpg
Sequential Art,orange: The Complete Collection 1 (orange: The Complete Collection #1),Â£48.41,https://books.toscrape.com/media/cache/03/88/03886a8502ca54dbce0d91c2568ab69d.jpg
Sequential Art,"Lumberjanes, Vol. 2: Friendship to the Max (Lumberjanes #5-8)",Â£46.91,https://books.toscrape.com/media/cache/d3/15/d3158e8d3546fb90cced3c1d44a92a34.jpg
Sequential Art,"Lumberjanes, Vol. 1: Beware the Kitten Holy (Lumberjanes #1-4)",Â£45.61,https://books.toscrape.com/media/cache/7e/a0/7ea062007ef00107e3c16d336b41fab2.jpg
Sequential Art,Lumberjanes Vol. 3: A Terrible Plan (Lumberjanes #9-12),Â£19.92,https://books.toscrape.com/media/cache/5f/b1/5fb1bf88dcfda795606745ce35be5975.jpg
Sequential Art,"I Hate Fairyland, Vol. 1: Madly Ever After (I Hate Fairyland (Compilations) #1-5)",Â£29.17,https://books.toscrape.com/media/cache/aa/74/aa74004807e97a79aa084b5db329a99b.jpg
Sequential Art,I am a Hero Omnibus Volume 1,Â£54.63,https://books.toscrape.com/media/cache/16/d4/16d443437126bf6d536a89312c1995a5.jpg
Sequential Art,"Giant Days, Vol. 2 (Giant Days #5-8)",Â£22.11,https://books.toscrape.com/media/cache/90/6f/906f0168b0e155a7077625499b1737b5.jpg
Sequential Art,Danganronpa Volume 1,Â£51.99,https://books.toscrape.com/media/cache/78/97/7897eea91c4a85aca58d925861d4afec.jpg
Sequential Art,"Codename Baboushka, Volume 1: The Conclave of Death",Â£36.72,https://books.toscrape.com/media/cache/f6/88/f688a9d6a89fdf38e4e88439ee9eda69.jpg
Sequential Art,Camp Midnight,Â£17.08,https://books.toscrape.com/media/cache/dd/c9/ddc95df6754df8e71bf969c088056188.jpg
Classics,The Secret Garden,Â£15.08,https://books.toscrape.com/media/cache/c5/46/c5465a06182ed6ebfa40d049258a2f58.jpg
Classics,The Metamorphosis,Â£28.58,https://books.toscrape.com/media/cache/4a/1b/4a1b6e9c1af75db0dc34ae63344f6883.jpg
Classics,The Pilgrim's Progress,Â£50.26,https://books.toscrape.com/media/cache/45/bb/45bb59d19eb3aa868293d44809078418.jpg
Classics,The Hound of the Baskervilles (Sherlock Holmes #5),Â£14.82,https://books.toscrape.com/media/cache/1f/b0/1fb03cdabe6001c8a2620f65e025cbd5.jpg
Classics,Little Women (Little Women #1),Â£28.07,https://books.toscrape.com/media/cache/81/f5/81f559ebe403317226fa8b611e35ce8a.jpg
Classics,Gone with the Wind,Â£32.49,https://books.toscrape.com/media/cache/27/82/2782701b5c877cb063065b9fc14c5b13.jpg
Classics,Candide,Â£58.63,https://books.toscrape.com/media/cache/e3/c4/e3c4aba2409bb769a6488805e3fc4709.jpg
Classics,Animal Farm,Â£57.22,https://books.toscrape.com/media/cache/10/db/10db56354b4550d92270c6f097d9bebc.jpg
Classics,Wuthering Heights,Â£17.73,https://books.toscrape.com/media/cache/93/4e/934e966c1ddf559d3ac2b5c1407aaf1e.jpg
Classics,The Picture of Dorian Gray,Â£29.70,https://books.toscrape.com/media/cache/a6/72/a67245346daa38c2b23a4fc64c6e7115.jpg
Classics,The Complete Stories and Poems (The Works of Edgar Allan Poe [Cameo Edition]),Â£26.78,https://books.toscrape.com/media/cache/42/c4/42c48f11b7e70a0f76c5ba9cb5c5018a.jpg
Classics,Beowulf,Â£38.35,https://books.toscrape.com/media/cache/dd/6e/dd6e7b84e99f3b4b5655ea0db74af2b4.jpg
Classics,And Then There Were None,Â£35.01,https://books.toscrape.com/media/cache/21/bf/21bf2eb0bff3134837def8bd40845ba0.jpg
Classics,The Story of Hong Gildong,Â£43.19,https://books.toscrape.com/media/cache/ab/16/ab16eb035cc58809a73c4699477de9cb.jpg
Classics,The Little Prince,Â£45.42,https://books.toscrape.com/media/cache/c0/78/c078355608dd81c7c5e4f5e1c5f73d23.jpg
Classics,Sense and Sensibility,Â£37.46,https://books.toscrape.com/media/cache/7d/53/7d53e2264b9647ee307259be9f73585d.jpg
Classics,Of Mice and Men,Â£47.11,https://books.toscrape.com/media/cache/0f/ca/0fca4597765ffacdb7bd529fc5eb88fa.jpg
Classics,Emma,Â£32.93,https://books.toscrape.com/media/cache/09/63/09638baaef52f03827c215029c632a13.jpg
Classics,Alice in Wonderland (Alice's Adventures in Wonderland #1),Â£55.53,https://books.toscrape.com/media/cache/96/ee/96ee77d71a31b7694dac6855f6affe4e.jpg
Philosophy,Sophie's World,Â£15.94,https://books.toscrape.com/media/cache/65/71/6571919836ec51ed54f0050c31d8a0cd.jpg
Philosophy,The Death of Humanity: and the Case for Life,Â£58.11,https://books.toscrape.com/media/cache/71/df/71df730cf38c232ee58a2e407135f055.jpg
Philosophy,The Stranger,Â£17.44,https://books.toscrape.com/media/cache/ea/04/ea0476a6f4c318ceccf5e2f2b39f2b15.jpg
Philosophy,Proofs of God: Classical Arguments from Tertullian to Barth,Â£54.21,https://books.toscrape.com/media/cache/3f/ef/3fef12d9da503693af12997c0ea0897f.jpg
Philosophy,Kierkegaard: A Christian Missionary to Christians,Â£47.13,https://books.toscrape.com/media/cache/05/ce/05ce699eaf78c0fae20308497c4f496a.jpg
Philosophy,"At The Existentialist CafÃ©: Freedom, Being, and apricot cocktails with: Jean-Paul Sartre, Simone de Beauvoir, Albert Camus, Martin Heidegger, Edmund Husserl, Karl Jaspers, Maurice Merleau-Ponty and others",Â£29.93,https://books.toscrape.com/media/cache/de/76/de76d5c473c358bd41c03cf710692bfb.jpg
Philosophy,Critique of Pure Reason,Â£20.75,https://books.toscrape.com/media/cache/12/6e/126ef8f6473b81808ebbb9cff155e883.jpg
Philosophy,"Run, Spot, Run: The Ethics of Keeping Pets",Â£20.02,https://books.toscrape.com/media/cache/91/e6/91e6190dcdd7d6cdeb94a82b60917ec4.jpg
Philosophy,The Nicomachean Ethics,Â£36.34,https://books.toscrape.com/media/cache/f0/aa/f0aa9ae0319b1d6e0706e6053020e696.jpg
Philosophy,Meditations,Â£25.89,https://books.toscrape.com/media/cache/df/c9/dfc9ed72e963572d23233b3a8cb01676.jpg
Philosophy,Beyond Good and Evil,Â£43.38,https://books.toscrape.com/media/cache/ab/45/ab45f300aa15066ad1260d6f1398d03e.jpg
Romance,Chase Me (Paris Nights #2),Â£25.27,https://books.toscrape.com/media/cache/9c/2e/9c2e0eb8866b8e3f3b768994fd3d1c1a.jpg
Romance,Black Dust,Â£34.53,https://books.toscrape.com/media/cache/44/cc/44ccc99c8f82c33d4f9d2afa4ef25787.jpg
Romance,Her Backup Boyfriend (The Sorensen Family #1),Â£33.97,https://books.toscrape.com/media/cache/1e/bb/1ebbbc3e2d3249b111033cfc40763b0b.jpg
Romance,First and First (Five Boroughs #3),Â£15.97,https://books.toscrape.com/media/cache/c4/d1/c4d1517cc9370e292366b6132ca9ca36.jpg
Romance,Fifty Shades Darker (Fifty Shades #2),Â£21.96,https://books.toscrape.com/media/cache/cc/bd/ccbdae9e29b3594301528fa2c876ec29.jpg
Romance,The Wedding Dress,Â£24.12,https://books.toscrape.com/media/cache/28/99/28992d89f4abf54fba183fc8d074adf3.jpg
Romance,Suddenly in Love (Lake Haven #1),Â£55.99,https://books.toscrape.com/media/cache/e9/f4/e9f4bc8cf5ffaea1504623c936e90a48.jpg
Romance,Something More Than This,Â£16.24,https://books.toscrape.com/media/cache/59/10/5910fbd8a95e8e9de9c660b71e0694e2.jpg
Romance,Doing It Over (Most Likely To #1),Â£35.61,https://books.toscrape.com/media/cache/e9/25/e9250495a525eb203652ad9da85ccb8e.jpg
Romance,The Wedding Pact (The O'Malleys #2),Â£32.61,https://books.toscrape.com/media/cache/7e/67/7e67addd80caaf8a9f9e9daa9cf66bb2.jpg
Romance,Hold Your Breath (Search and Rescue #1),Â£28.82,https://books.toscrape.com/media/cache/0b/89/0b89c3b317d0f89da48356a0b5959c1e.jpg
Romance,Dirty (Dive Bar #1),Â£40.83,https://books.toscrape.com/media/cache/ae/90/ae903f6f6d059954be4e85497dd76bf5.jpg
Romance,Take Me Home Tonight (Rock Star Romance #3),Â£53.98,https://books.toscrape.com/media/cache/a6/4b/a64b3c559f59748bfdbbe75be3e16075.jpg
Romance,Off the Hook (Fishing for Trouble #1),Â£47.67,https://books.toscrape.com/media/cache/1d/78/1d78fe226e1adb9cb591fa21f8a9bf68.jpg
Romance,A Gentleman's Position (Society of Gentlemen #3),Â£14.75,https://books.toscrape.com/media/cache/f0/e0/f0e0db3edcb14293a52b51929cc72979.jpg
Romance,"Sit, Stay, Love",Â£20.90,https://books.toscrape.com/media/cache/8e/40/8e408552c2e7ee81cd60c03c79f604af.jpg
Romance,A Girl's Guide to Moving On (New Beginnings #2),Â£31.30,https://books.toscrape.com/media/cache/f7/a9/f7a90a63f66ac92cc280def001970ed2.jpg
Romance,The Perfect Play (Play by Play #1),Â£59.99,https://books.toscrape.com/media/cache/40/16/4016ffba678f309171d8130135f6eb8e.jpg
Romance,Dark Lover (Black Dagger Brotherhood #1),Â£12.87,https://books.toscrape.com/media/cache/3c/a2/3ca2e61181fc1122658af8f85354bae8.jpg
Romance,Changing the Game (Play by Play #2),Â£13.38,https://books.toscrape.com/media/cache/57/47/57472d9c6d483bee9c38c90bfa10b3ee.jpg
Womens Fiction,I Had a Nice Time And Other Lies...: How to find love & sh*t like that,Â£57.36,https://books.toscrape.com/media/cache/5f/72/5f72c8a0d5a7292e2929a354ec8a022f.jpg
Womens Fiction,Will You Won't You Want Me?,Â£13.86,https://books.toscrape.com/media/cache/16/e3/16e3ca741956485119251e7442a67e2e.jpg
Womens Fiction,Keep Me Posted,Â£20.46,https://books.toscrape.com/media/cache/ae/ac/aeac003461b89c7ef826251d940b2afc.jpg
Womens Fiction,Grey (Fifty Shades #4),Â£48.49,https://books.toscrape.com/media/cache/bb/ee/bbeeab4c4ce572c0e9764e3a96c6d4a5.jpg
Womens Fiction,Meternity,Â£43.58,https://books.toscrape.com/media/cache/39/e3/39e33ebef2d7a35dd6899541eba8306d.jpg
Womens Fiction,Some Women,Â£13.73,https://books.toscrape.com/media/cache/27/b7/27b7f4ec590965b5acc15dc4b1376684.jpg
Womens Fiction,Shopaholic Ties the Knot (Shopaholic #3),Â£48.39,https://books.toscrape.com/media/cache/ac/ba/acba5e4e1813b8c1fff4890f1efef3ab.jpg
Womens Fiction,Can You Keep a Secret?,Â£21.94,https://books.toscrape.com/media/cache/72/73/7273ff1bfe3b0a6aab7f54ddf9be7b44.jpg
Womens Fiction,Twenties Girl,Â£42.80,https://books.toscrape.com/media/cache/a0/fa/a0fa38039f6a674a7c89dfe2be866259.jpg
Womens Fiction,The Undomestic Goddess,Â£45.75,https://books.toscrape.com/media/cache/13/8f/138f4cf84be250d08e1f5c1db3643dbc.jpg
Womens Fiction,The Nanny Diaries (Nanny #1),Â£52.53,https://books.toscrape.com/media/cache/63/5f/635fb981e464f7427787824b20a15e71.jpg
Womens Fiction,The Devil Wears Prada (The Devil Wears Prada #1),Â£44.29,https://books.toscrape.com/media/cache/87/d3/87d34d376555dd0cb75030d1059cc144.jpg
Womens Fiction,Something Borrowed (Darcy & Rachel #1),Â£48.96,https://books.toscrape.com/media/cache/6d/6d/6d6d5799190b4f9ef89f3bbc8b67d60d.jpg
Womens Fiction,Something Blue (Darcy & Rachel #2),Â£54.62,https://books.toscrape.com/media/cache/72/f5/72f5ed312bc82afa386c9cd48d4e36dd.jpg
Womens Fiction,I've Got Your Number,Â£19.69,https://books.toscrape.com/media/cache/b2/df/b2df826432771838819db89c20e20609.jpg
Womens Fiction,The Edge of Reason (Bridget Jones #2),Â£19.18,https://books.toscrape.com/media/cache/db/34/db341aa83daa76cd9f9bd2c86ccb5dba.jpg
Womens Fiction,Bridget Jones's Diary (Bridget Jones #1),Â£29.82,https://books.toscrape.com/media/cache/0c/32/0c329cbd2adf4e0dc825f892106673b2.jpg
Fiction,Soumission,Â£50.10,https://books.toscrape.com/media/cache/3e/ef/3eef99c9d9adef34639f510662022830.jpg
Fiction,Private Paris (Private #10),Â£47.61,https://books.toscrape.com/media/cache/9d/05/9d0533bae1578846d728a82913b95c26.jpg
Fiction,"We Love You, Charlie Freeman",Â£50.27,https://books.toscrape.com/media/cache/5f/15/5f152afdbc42356ecba02f61058a7e5b.jpg
Fiction,Thirst,Â£17.27,https://books.toscrape.com/media/cache/c4/0a/c40a64f59e7487b1a80a049f6ceb2ba5.jpg
Fiction,The Murder That Never Was (Forensic Instincts #5),Â£54.11,https://books.toscrape.com/media/cache/dc/44/dc44f8e2aebac48ca8553814d9b021a8.jpg
Fiction,Tuesday Nights in 1980,Â£21.04,https://books.toscrape.com/media/cache/6b/da/6bdae061cb92c32b0b83cda8dd10275d.jpg
Fiction,The Vacationers,Â£42.15,https://books.toscrape.com/media/cache/37/25/372578cc073efae80cf284b56040a488.jpg
Fiction,The Regional Office Is Under Attack!,Â£51.36,https://books.toscrape.com/media/cache/f8/31/f8314c7fdaa79fb7191a583e9a852db8.jpg
Fiction,Finders Keepers (Bill Hodges Trilogy #2),Â£53.53,https://books.toscrape.com/media/cache/6a/81/6a81103b1c01a3f6c56e5718a838a4c8.jpg
Fiction,The Time Keeper,Â£27.88,https://books.toscrape.com/media/cache/8f/f8/8ff8680dde59ea739d6978a01e4d7fe5.jpg
Fiction,The Testament of Mary,Â£52.67,https://books.toscrape.com/media/cache/83/05/8305154438c91a02cefacf4ec8b53393.jpg
Fiction,The First Hostage (J.B. Collins #2),Â£25.85,https://books.toscrape.com/media/cache/38/34/3834572e651cdc14b18d348fa4875aa9.jpg
Fiction,Take Me with You,Â£45.21,https://books.toscrape.com/media/cache/d8/a4/d8a44eda7cbe7bd1207f868e9adc06f3.jpg
Fiction,Still Life with Bread Crumbs,Â£26.41,https://books.toscrape.com/media/cache/8e/c7/8ec7f310b74ddd7ec3c859e9b0da7389.jpg
Fiction,Shtum,Â£55.84,https://books.toscrape.com/media/cache/03/16/0316bb6f4785ac69c0643109201bad5d.jpg
Fiction,My Name Is Lucy Barton,Â£41.56,https://books.toscrape.com/media/cache/ca/b1/cab150e556b5fab663a9fec00ed97943.jpg
Fiction,My Mrs. Brown,Â£24.48,https://books.toscrape.com/media/cache/e0/79/e07906c1e507055da9a2260a74f58273.jpg
Fiction,Mr. Mercedes (Bill Hodges Trilogy #1),Â£28.90,https://books.toscrape.com/media/cache/a7/f0/a7f092a7b79f848df0226f808fed489b.jpg
Fiction,I Am Pilgrim (Pilgrim #1),Â£10.60,https://books.toscrape.com/media/cache/ed/07/ed07c9e7c53d4f33a6eb7d41eb0e6d4a.jpg
Fiction,Eligible (The Austen Project #4),Â£27.09,https://books.toscrape.com/media/cache/26/3b/263bf5d128bf18553ea8da8bb19e9a0c.jpg
Childrens,Birdsong: A Story in Pictures,Â£54.64,https://books.toscrape.com/media/cache/af/6e/af6e796160fe63e0cf19d44395c7ddf2.jpg
Childrens,The Bear and the Piano,Â£36.89,https://books.toscrape.com/media/cache/cf/bb/cfbb5e62715c6d888fd07794c9bab5d6.jpg
Childrens,The Secret of Dreadwillow Carse,Â£56.13,https://books.toscrape.com/media/cache/c4/a2/c4a2a1a026c67bcceb5a411c724d7d0c.jpg
Childrens,The White Cat and the Monk: A Retelling of the Poem âPangur BÃ¡nâ,Â£58.08,https://books.toscrape.com/media/cache/26/32/2632a1e12f2c085fabbe022ae4cd6933.jpg
Childrens,Little Red,Â£13.47,https://books.toscrape.com/media/cache/80/25/8025b80a40178f2a6dd4f99ad88e0fba.jpg
Childrens,Walt Disney's Alice in Wonderland,Â£12.96,https://books.toscrape.com/media/cache/28/50/2850439c2ba103fb69dba9cd2dd9f0c2.jpg
Childrens,Twenty Yawns,Â£22.08,https://books.toscrape.com/media/cache/2b/38/2b380f77723c797c0389f978afa6db58.jpg
Childrens,Rain Fish,Â£23.57,https://books.toscrape.com/media/cache/bb/e2/bbe26db72b8a32117bfe4981b7cc8147.jpg
Childrens,Once Was a Time,Â£18.28,https://books.toscrape.com/media/cache/97/12/971212afa8e4ff49d92f678bc889d8b7.jpg
Childrens,Luis Paints the World,Â£53.95,https://books.toscrape.com/media/cache/85/e7/85e75d5a9309da5807c82decf3d90263.jpg
Childrens,Nap-a-Roo,Â£25.08,https://books.toscrape.com/media/cache/27/1f/271faa1d7561473974d12803feb1f0a1.jpg
Childrens,The Whale,Â£35.96,https://books.toscrape.com/media/cache/6c/18/6c18ea03e294bfcfe07cf531c6c5f5b3.jpg
Childrens,"Shrunken Treasures: Literary Classics, Short, Sweet, and Silly",Â£52.87,https://books.toscrape.com/media/cache/4f/1e/4f1ece2500f8dbacecca42d57befca03.jpg
Childrens,Raymie Nightingale,Â£34.41,https://books.toscrape.com/media/cache/8f/66/8f66ec46e671d6fca79649c10c7c8f8a.jpg
Childrens,Playing from the Heart,Â£32.38,https://books.toscrape.com/media/cache/1c/eb/1cebdf525ebe970a1dc3c5a8c50eae6b.jpg
Childrens,Maybe Something Beautiful: How Art Transformed a Neighborhood,Â£22.54,https://books.toscrape.com/media/cache/c0/bb/c0bb6e42743b9c1aaf9b754501100a5d.jpg
Childrens,The Wild Robot,Â£56.07,https://books.toscrape.com/media/cache/bf/db/bfdbf9726621276fc7821d705690dbae.jpg
Childrens,The Thing About Jellyfish,Â£48.77,https://books.toscrape.com/media/cache/e0/90/e090748ce5a567207aed9185c97eb34b.jpg
Childrens,The Lonely Ones,Â£43.59,https://books.toscrape.com/media/cache/21/bd/21bdf7ae21476b1debf4aa3eefe6f29d.jpg
Childrens,The Day the Crayons Came Home (Crayons),Â£26.33,https://books.toscrape.com/media/cache/ec/08/ec08efebaa33a403e54080b48c139794.jpg
Religion,"Don't Be a Jerk: And Other Practical Advice from Dogen, Japan's Greatest Zen Master",Â£37.97,https://books.toscrape.com/media/cache/95/30/953013d044aa313cc162dec414f3969a.jpg
Religion,You Are What You Love: The Spiritual Power of Habit,Â£21.87,https://books.toscrape.com/media/cache/6b/70/6b70f2cdb17d9ab7551240a88b9211fe.jpg
Religion,God: The Most Unpleasant Character in All Fiction,Â£30.03,https://books.toscrape.com/media/cache/1f/db/1fdb125bcb8cee71f3404b4dc293348c.jpg
Religion,The Book of Mormon,Â£24.57,https://books.toscrape.com/media/cache/83/db/83dbf86eb0fed1d99de2148eac4eb064.jpg
Religion,"A History of God: The 4,000-Year Quest of Judaism, Christianity, and Islam",Â£27.62,https://books.toscrape.com/media/cache/71/91/7191a7d76eb6c3a18259541e2c038ae3.jpg
Religion,The Bhagavad Gita,Â£57.49,https://books.toscrape.com/media/cache/4e/69/4e69dacc99de838814d0f65c94e67f6c.jpg
Religion,Choosing Our Religion: The Spiritual Lives of America's Nones,Â£28.42,https://books.toscrape.com/media/cache/df/ab/dfabeab158046237ddb6b713b794909f.jpg
Nonfiction,Worlds Elsewhere: Journeys Around Shakespeareâs Globe,Â£40.30,https://books.toscrape.com/media/cache/2e/98/2e98c332bf8563b584784971541c4445.jpg
Nonfiction,The Five Love Languages: How to Express Heartfelt Commitment to Your Mate,Â£31.05,https://books.toscrape.com/media/cache/38/c5/38c56fba316c07305643a8065269594e.jpg
Nonfiction,Reasons to Stay Alive,Â£26.41,https://books.toscrape.com/media/cache/cb/bd/cbbdb0222ee8a0f6ab61657412a15794.jpg
Nonfiction,#HigherSelfie: Wake Up Your Life. Free Your Soul. Find Your Tribe.,Â£23.11,https://books.toscrape.com/media/cache/9c/46/9c463c7631c82401160fd3b554b8f0e1.jpg
Nonfiction,"Unseen City: The Majesty of Pigeons, the Discreet Charm of Snails & Other Wonders of the Urban Wilderness",Â£44.18,https://books.toscrape.com/media/cache/41/a2/41a20f35adf0caea24f208dc01ad7681.jpg
Nonfiction,Throwing Rocks at the Google Bus: How Growth Became the Enemy of Prosperity,Â£31.12,https://books.toscrape.com/media/cache/03/86/038650c9e7517b4baf2a423cd8eed38f.jpg
Nonfiction,The Life-Changing Magic of Tidying Up: The Japanese Art of Decluttering and Organizing,Â£16.77,https://books.toscrape.com/media/cache/95/64/95647d6a526bf54120b9445e124794e1.jpg
Nonfiction,The Gutsy Girl: Escapades for Your Life of Epic Adventure,Â£37.13,https://books.toscrape.com/media/cache/64/15/641570cd7e7aded53c7d33d78a9629f1.jpg
Nonfiction,The Electric Pencil: Drawings from Inside State Hospital No. 3,Â£56.06,https://books.toscrape.com/media/cache/2e/23/2e236e23ad52aa74505f224f6552eda8.jpg
Nonfiction,Spark Joy: An Illustrated Master Class on the Art of Organizing and Tidying Up,Â£41.83,https://books.toscrape.com/media/cache/f3/4f/f34ffb24cc21c9f9f52dad4fd8f3ac21.jpg
Nonfiction,Reskilling America: Learning to Labor in the Twenty-First Century,Â£19.83,https://books.toscrape.com/media/cache/97/f8/97f8debeeaaece9603267653076e760f.jpg
Nonfiction,In the Country We Love: My Family Divided,Â£22.00,https://books.toscrape.com/media/cache/fe/ea/feeafd2ad7b3077f8e74cbb1da9e3c7d.jpg
Nonfiction,Everydata: The Misinformation Hidden in the Little Data You Consume Every Day,Â£54.35,https://books.toscrape.com/media/cache/64/94/6494bf61176ca73b61255909230030be.jpg
Nonfiction,Call the Nurse: True Stories of a Country Nurse on a Scottish Isle,Â£29.14,https://books.toscrape.com/media/cache/88/9e/889e0bac4c7c0e7178f0165b8d3b4617.jpg
Nonfiction,Algorithms to Live By: The Computer Science of Human Decisions,Â£30.81,https://books.toscrape.com/media/cache/23/b4/23b42e094c02d52b14b11a960d49610e.jpg
Nonfiction,The Power of Now: A Guide to Spiritual Enlightenment,Â£43.54,https://books.toscrape.com/media/cache/03/38/0338682e76bad3216cd4c6c28b2b625a.jpg
Nonfiction,The Omnivore's Dilemma: A Natural History of Four Meals,Â£38.21,https://books.toscrape.com/media/cache/14/f3/14f3d525e2a114cd71e27201a16af188.jpg
Nonfiction,The Genius of Birds,Â£17.24,https://books.toscrape.com/media/cache/13/57/1357c6aa40c9e63d2f931927fbf81f3f.jpg
Nonfiction,The Artist's Way: A Spiritual Path to Higher Creativity,Â£38.49,https://books.toscrape.com/media/cache/0e/6d/0e6dc2484322c5b9e7854ced66fdf62d.jpg
Nonfiction,So You've Been Publicly Shamed,Â£12.23,https://books.toscrape.com/media/cache/6e/d4/6ed4991d97f60db29ec7b421e61a2cf3.jpg
Music,Rip it Up and Start Again,Â£35.02,https://books.toscrape.com/media/cache/81/c4/81c4a973364e17d01f217e1188253d5e.jpg
Music,"Our Band Could Be Your Life: Scenes from the American Indie Underground, 1981-1991",Â£57.25,https://books.toscrape.com/media/cache/54/60/54607fe8945897cdcced0044103b10b6.jpg
Music,How Music Works,Â£37.32,https://books.toscrape.com/media/cache/5c/c8/5cc8e107246cb478960d4f0aba1e1c8e.jpg
Music,Love Is a Mix Tape (Music #1),Â£18.03,https://books.toscrape.com/media/cache/a2/6d/a26d8449abb3381e09126eda5f4e8151.jpg
Music,Please Kill Me: The Uncensored Oral History of Punk,Â£31.19,https://books.toscrape.com/media/cache/06/f1/06f185c0be2ad6e2fe059464c03f1b47.jpg
Music,Kill 'Em and Leave: Searching for James Brown and the American Soul,Â£45.05,https://books.toscrape.com/media/cache/85/42/8542841f5644a6daf433504f1e106e97.jpg
Music,"Chronicles, Vol. 1",Â£52.60,https://books.toscrape.com/media/cache/11/fc/11fc94453c4dc0d68543971d7843afb0.jpg
Music,This Is Your Brain on Music: The Science of a Human Obsession,Â£38.40,https://books.toscrape.com/media/cache/35/a4/35a4a7c6c76c4e82186753078e441654.jpg
Music,"Orchestra of Exiles: The Story of Bronislaw Huberman, the Israel Philharmonic, and the One Thousand Jews He Saved from Nazi Horrors",Â£12.36,https://books.toscrape.com/media/cache/15/de/15de75548ee9a4c6be1420ee309c03e0.jpg
Music,No One Here Gets Out Alive,Â£20.02,https://books.toscrape.com/media/cache/7a/7e/7a7eb52e7075a5305522948375c1316e.jpg
Music,Life,Â£31.58,https://books.toscrape.com/media/cache/99/97/9997eda658c2fe50e724171f9c2a2b0b.jpg
Music,Old Records Never Die: One Man's Quest for His Vinyl and His Past,Â£55.66,https://books.toscrape.com/media/cache/7e/94/7e947f3dd04f178175b85123829467a9.jpg
Music,Forever Rockers (The Rocker #12),Â£28.80,https://books.toscrape.com/media/cache/7f/b0/7fb03a053c270000667a50dd8d594843.jpg
Default,"The Coming Woman: A Novel Based on the Life of the Infamous Feminist, Victoria Woodhull",Â£17.93,https://books.toscrape.com/media/cache/3d/54/3d54940e57e662c4dd1f3ff00c78cc64.jpg
Default,The Boys in the Boat: Nine Americans and Their Epic Quest for Gold at the 1936 Berlin Olympics,Â£22.60,https://books.toscrape.com/media/cache/66/88/66883b91f6804b2323c8369331cb7dd1.jpg
Default,"Starving Hearts (Triangular Trade Trilogy, #1)",Â£13.99,https://books.toscrape.com/media/cache/be/f4/bef44da28c98f905a3ebec0b87be8530.jpg
Default,America's Cradle of Quarterbacks: Western Pennsylvania's Football Factory from Johnny Unitas to Joe Montana,Â£22.50,https://books.toscrape.com/media/cache/ef/0b/ef0bed08de4e083dba5e20fdb98d9c36.jpg
Default,Aladdin and His Wonderful Lamp,Â£53.13,https://books.toscrape.com/media/cache/d6/da/d6da0371958068bbaf39ea9c174275cd.jpg
Default,Penny Maybe,Â£33.29,https://books.toscrape.com/media/cache/12/53/1253c21c5ef3c6d075c5fa3f5fecee6a.jpg
Default,Maude (1883-1993):She Grew Up with the country,Â£18.02,https://books.toscrape.com/media/cache/f5/88/f5889d038f5d8e949b494d147c2dcf54.jpg
Default,"The Inefficiency Assassin: Time Management Tactics for Working Smarter, Not Longer",Â£20.59,https://books.toscrape.com/media/cache/75/dc/75dce2f5949b407161f37f0af249b018.jpg
Default,Soul Reader,Â£39.58,https://books.toscrape.com/media/cache/69/85/69852567cf97264a1442cbc882c84903.jpg
Default,Bossypants,Â£49.46,https://books.toscrape.com/media/cache/27/d2/27d20361745ec2f7be668b18a4da29da.jpg
Default,A World of Flavor: Your Gluten Free Passport,Â£42.95,https://books.toscrape.com/media/cache/78/2e/782e315667ec50759b8603527ee33dec.jpg
Default,"A Piece of Sky, a Grain of Rice: A Memoir in Four Meditations",Â£56.76,https://books.toscrape.com/media/cache/08/89/088995e862aac86c88c608d763f6390e.jpg
Default,Tracing Numbers on a Train,Â£41.60,https://books.toscrape.com/media/cache/06/a6/06a6cfcf89afd1601cbba1a16cda57fb.jpg
Default,Thirteen Reasons Why,Â£52.72,https://books.toscrape.com/media/cache/8a/83/8a83b6ce350f01bab21f85e6ba539316.jpg
Default,The Secret (The Secret #1),Â£27.37,https://books.toscrape.com/media/cache/4e/0f/4e0f05ae01d8fb6bd0d3901edd06de16.jpg
Default,The Psychopath Test: A Journey Through the Madness Industry,Â£36.00,https://books.toscrape.com/media/cache/34/f5/34f5f8e513c5f048241f5695e61b2483.jpg
Default,The Kite Runner,Â£41.82,https://books.toscrape.com/media/cache/58/9d/589d73503d9a23d224de836134fae553.jpg
Default,The Girl on the Train,Â£55.02,https://books.toscrape.com/media/cache/25/6c/256c946dd0962095f66c6de3b15ab300.jpg
Default,The Emerald Mystery,Â£23.15,https://books.toscrape.com/media/cache/81/58/81586cd0bf8743e1f5ed80b6a0e1fabe.jpg
Default,The Bridge to Consciousness: I'm Writing the Bridge Between Science and Our Old and New Beliefs.,Â£32.00,https://books.toscrape.com/media/cache/fe/b7/feb764b2afa54991cfdbbffdf501b333.jpg
Science Fiction,Mesaerion: The Best Science Fiction Stories 1800-1849,Â£37.59,https://books.toscrape.com/media/cache/09/a3/09a3aef48557576e1a85ba7efea8ecb7.jpg
Science Fiction,Join,Â£35.67,https://books.toscrape.com/media/cache/93/63/9363f0065fbad5689f44fcf6e203eef3.jpg
Science Fiction,"William Shakespeare's Star Wars: Verily, A New Hope (William Shakespeare's Star Wars #4)",Â£43.30,https://books.toscrape.com/media/cache/02/37/0237b445efc18c5562355a5a2c40889c.jpg
Science Fiction,The Project,Â£10.65,https://books.toscrape.com/media/cache/10/6e/106e2fc7160712edf8e2ff996dc8cd6c.jpg
Science Fiction,Soft Apocalypse,Â£26.12,https://books.toscrape.com/media/cache/f0/06/f0060c756556b855184fa32f66280961.jpg
Science Fiction,Sleeping Giants (Themis Files #1),Â£48.74,https://books.toscrape.com/media/cache/c0/72/c072c1ef144d571abd25fe9cc18cceba.jpg
Science Fiction,Arena,Â£21.36,https://books.toscrape.com/media/cache/51/88/518810d182843244a404f2a2a614a93b.jpg
Science Fiction,Foundation (Foundation (Publication Order) #1),Â£32.42,https://books.toscrape.com/media/cache/8b/92/8b9267df86378b6973974ae7e1924ffe.jpg
Science Fiction,The Restaurant at the End of the Universe (Hitchhiker's Guide to the Galaxy #2),Â£10.92,https://books.toscrape.com/media/cache/b8/b2/b8b2956acc758a381beef87339c0a52f.jpg
Science Fiction,Ready Player One,Â£19.07,https://books.toscrape.com/media/cache/51/34/513418bd1c6114f3ea1fd703278e20ef.jpg
Science Fiction,"Life, the Universe and Everything (Hitchhiker's Guide to the Galaxy #3)",Â£33.26,https://books.toscrape.com/media/cache/ef/8b/ef8bc5adcd3bea8e8ba97be76d07a32a.jpg
Science Fiction,Dune (Dune #1),Â£54.86,https://books.toscrape.com/media/cache/7a/bc/7abccb865ecf9b0f676800b10c71cfd6.jpg
Science Fiction,Do Androids Dream of Electric Sheep? (Blade Runner #1),Â£51.48,https://books.toscrape.com/media/cache/fa/65/fa653fbe3a4c69227c9b79d471cee576.jpg
Science Fiction,Three Wishes (River of Time: California #1),Â£44.18,https://books.toscrape.com/media/cache/c7/21/c721943edf481cad5ab32505e2ad3865.jpg
Science Fiction,The Last Girl (The Dominion Trilogy #1),Â£36.26,https://books.toscrape.com/media/cache/da/47/da4746e620f8ccd7cf20628d1a5e535a.jpg
Science Fiction,Having the Barbarian's Baby (Ice Planet Barbarians #7.5),Â£34.96,https://books.toscrape.com/media/cache/f4/83/f4835e9f3fdd8b8107bbb39a391654f0.jpg
Sports and Games,The Book of Basketball: The NBA According to The Sports Guy,Â£44.84,https://books.toscrape.com/media/cache/61/2c/612caeb0b2acb35c100629f0f52a40d7.jpg
Sports and Games,"Friday Night Lights: A Town, a Team, and a Dream",Â£51.22,https://books.toscrape.com/media/cache/7d/cf/7dcf6c3b419bf7e7e3b3b8162b177869.jpg
Sports and Games,Sugar Rush (Offensive Line #2),Â£24.42,https://books.toscrape.com/media/cache/c3/a9/c3a90a5baa833a37c29c4b03a444737c.jpg
Sports and Games,Settling the Score (The Summer Games #1),Â£44.91,https://books.toscrape.com/media/cache/9b/4e/9b4ece2ab5a6335c8594c878e2f22df1.jpg
Sports and Games,Icing (Aces Hockey #2),Â£40.44,https://books.toscrape.com/media/cache/8d/1e/8d1e285bf672b2ea66879490cc5f6904.jpg
Add a comment,The Torch Is Passed: A Harding Family Story,Â£19.09,https://books.toscrape.com/media/cache/33/e5/33e507172541628acfd421503196b578.jpg
Add a comment,"The Mindfulness and Acceptance Workbook for Anxiety: A Guide to Breaking Free from Anxiety, Phobias, and Worry Using Acceptance and Commitment Therapy",Â£23.89,https://books.toscrape.com/media/cache/f8/6d/f86d08178e3788563ac17be5aefd29f0.jpg
Add a comment,The Art Forger,Â£40.76,https://books.toscrape.com/media/cache/70/fa/70fa6c0437d9c97dbeada6bd32bf9d2c.jpg
Add a comment,On a Midnight Clear,Â£14.07,https://books.toscrape.com/media/cache/a1/14/a114d70e7babf110ba42a389078e9a45.jpg
Add a comment,Judo: Seven Steps to Black Belt (an Introductory Guide for Beginners),Â£53.90,https://books.toscrape.com/media/cache/5f/52/5f52b1bc6d45daab2e330c744feb0359.jpg
Add a comment,"Shobu Samurai, Project Aryoku (#3)",Â£29.06,https://books.toscrape.com/media/cache/ae/0c/ae0ccc307568b6d7699786411f3cbcc4.jpg
Add a comment,Modern Romance,Â£28.26,https://books.toscrape.com/media/cache/28/78/2878538a1039d9c4649110499a1393fb.jpg
Add a comment,The White Queen (The Cousins' War #1),Â£25.91,https://books.toscrape.com/media/cache/72/d8/72d861617b6d3aababe6e61e8d3c1056.jpg
Add a comment,The Song of Achilles,Â£37.40,https://books.toscrape.com/media/cache/66/f7/66f79b76d6c6b64fcc8110515c454e09.jpg
Add a comment,The Immortal Life of Henrietta Lacks,Â£40.67,https://books.toscrape.com/media/cache/94/ac/94ac87da7b40853013093f08356efa3b.jpg
Add a comment,The Dovekeepers,Â£48.78,https://books.toscrape.com/media/cache/8f/3f/8f3f4d67e30a8129577ccc4664998345.jpg
Add a comment,More Than Music (Chasing the Dream #1),Â£37.61,https://books.toscrape.com/media/cache/3f/e7/3fe7073a5caac81929524d2d9488f928.jpg
Add a comment,Code Name Verity (Code Name Verity #1),Â£22.13,https://books.toscrape.com/media/cache/f5/58/f55886d1bf600529a35e1bd932c78ca0.jpg
Add a comment,Cell,Â£20.29,https://books.toscrape.com/media/cache/0b/97/0b97282ed82b771ed328e05386a84adb.jpg
Add a comment,Angels Walking (Angels Walking #1),Â£34.20,https://books.toscrape.com/media/cache/50/0e/500eeb810e940424827580574e46852c.jpg
Add a comment,"A Series of Catastrophes and Miracles: A True Story of Love, Science, and Cancer",Â£56.48,https://books.toscrape.com/media/cache/9b/20/9b2076ce7414103a093ce2459d089969.jpg
Add a comment,A People's History of the United States,Â£40.79,https://books.toscrape.com/media/cache/75/20/75200336c141156746000f7055df344a.jpg
Add a comment,A Brush of Wings (Angels Walking #3),Â£55.51,https://books.toscrape.com/media/cache/4d/16/4d163d43cb4aa624e599330a39abace5.jpg
Add a comment,Rook,Â£37.86,https://books.toscrape.com/media/cache/55/33/5533595a623c3bb947c4a5171fc2df08.jpg
Add a comment,The Midnight Watch: A Novel of the Titanic and the Californian,Â£26.20,https://books.toscrape.com/media/cache/97/3a/973a2c3462a18fc90d3b9662d959df37.jpg
Fantasy,Unicorn Tracks,Â£18.78,https://books.toscrape.com/media/cache/76/8e/768ea5924ac1ef6297c2be9959c796c2.jpg
Fantasy,"Saga, Volume 6 (Saga (Collected Editions) #6)",Â£25.02,https://books.toscrape.com/media/cache/43/ae/43aee83ebb31e2122a7215e413770e5c.jpg
Fantasy,Princess Between Worlds (Wide-Awake Princess #5),Â£13.34,https://books.toscrape.com/media/cache/b7/e8/b7e84b78be3d9bb79b71156a5e5d4e42.jpg
Fantasy,Masks and Shadows,Â£56.40,https://books.toscrape.com/media/cache/ff/e8/ffe81bf98f8386ef29e193abfb6f9c1e.jpg
Fantasy,Crown of Midnight (Throne of Glass #2),Â£43.29,https://books.toscrape.com/media/cache/66/25/6625e3bbb050de3e42a0c302c0d69f1f.jpg
Fantasy,"Avatar: The Last Airbender: Smoke and Shadow, Part 3 (Smoke and Shadow #3)",Â£28.09,https://books.toscrape.com/media/cache/06/18/061811c5845d0e13bc04b2a755f0830f.jpg
Fantasy,A Court of Thorns and Roses (A Court of Thorns and Roses #1),Â£52.37,https://books.toscrape.com/media/cache/c0/88/c08816960890396213a423941af65b8f.jpg
Fantasy,Throne of Glass (Throne of Glass #1),Â£35.07,https://books.toscrape.com/media/cache/32/d6/32d6aa560e8ddf2a4da1526b95d4c7ab.jpg
Fantasy,The Glittering Court (The Glittering Court #1),Â£44.28,https://books.toscrape.com/media/cache/3e/0b/3e0b16851bec08b6cbf78d5f64af9114.jpg
Fantasy,Hollow City (Miss Peregrineâs Peculiar Children #2),Â£42.98,https://books.toscrape.com/media/cache/e2/60/e260b008b7ea7970562295b7bc64b0cb.jpg
Fantasy,The Star-Touched Queen,Â£46.02,https://books.toscrape.com/media/cache/53/5e/535e2be0b423797c2cdc7d98882c820a.jpg
Fantasy,The Hidden Oracle (The Trials of Apollo #1),Â£52.26,https://books.toscrape.com/media/cache/b4/67/b467a4f01ca6ae8464b9425a156c7c32.jpg
Fantasy,The Bane Chronicles (The Bane Chronicles #1-11),Â£44.73,https://books.toscrape.com/media/cache/9a/33/9a333c4a06ce187c5c9d2f5969ddcac2.jpg
Fantasy,Island of Dragons (Unwanteds #7),Â£29.65,https://books.toscrape.com/media/cache/75/b9/75b99691594fde72ccb1831624cfeff6.jpg
Fantasy,Demigods & Magicians: Percy and Annabeth Meet the Kanes (Percy Jackson & Kane Chronicles Crossover #1-3),Â£37.51,https://books.toscrape.com/media/cache/8f/80/8f8074d9f035c2a0ef8595ad89f7bcc8.jpg
Fantasy,City of Glass (The Mortal Instruments #3),Â£56.02,https://books.toscrape.com/media/cache/00/08/0008e65aa431ed3625ad3a4352f8e90d.jpg
Fantasy,Searching for Meaning in Gailana,Â£38.73,https://books.toscrape.com/media/cache/3b/04/3b045fe0394dc192950a0ec9e3812fe4.jpg
Fantasy,The Star-Touched Queen,Â£32.30,https://books.toscrape.com/media/cache/d3/0d/d30dd8b6be6f9fcfd17178e8083238b6.jpg
Fantasy,A Shard of Ice (The Black Symphony Saga #1),Â£56.63,https://books.toscrape.com/media/cache/27/64/27649cb5da52970f4bb2fc5234a48578.jpg
Fantasy,King's Folly (The Kinsman Chronicles #1),Â£39.61,https://books.toscrape.com/media/cache/3e/2d/3e2d526ee062008ab1cbf54f90a5abb2.jpg
New Adult,Without Borders (Wanderlove #1),Â£45.07,https://books.toscrape.com/media/cache/24/e2/24e2f5c9d325c4004d8190c054da86dd.jpg
New Adult,The Mistake (Off-Campus #2),Â£43.29,https://books.toscrape.com/media/cache/a5/43/a543b100a8c1861c1bf5374ca6b576fe.jpg
New Adult,The Matchmaker's Playbook (Wingmen Inc. #1),Â£55.85,https://books.toscrape.com/media/cache/84/ac/84acb0606c96e55dc729a9d6572a08fb.jpg
New Adult,The Hook Up (Game On #1),Â£36.29,https://books.toscrape.com/media/cache/38/f1/38f1543cd2d51c2728678f5ecc128958.jpg
New Adult,Shameless,Â£58.35,https://books.toscrape.com/media/cache/a2/19/a2198abf12e3287f84997b35f4e1050e.jpg
New Adult,Off Sides (Off #1),Â£39.45,https://books.toscrape.com/media/cache/03/ed/03ed67ea504353b91b035151d8e80db2.jpg
Young Adult,The Requiem Red,Â£22.65,https://books.toscrape.com/media/cache/68/33/68339b4c9bc034267e1da611ab3b34f8.jpg
Young Adult,Set Me Free,Â£17.46,https://books.toscrape.com/media/cache/5b/88/5b88c52633f53cacf162c15f4f823153.jpg
Young Adult,The Natural History of Us (The Fine Art of Pretending #2),Â£45.22,https://books.toscrape.com/media/cache/5d/7f/5d7f496cdf5e5962a73ecdcc1505c1d5.jpg
Young Adult,Obsidian (Lux #1),Â£14.86,https://books.toscrape.com/media/cache/fc/72/fc72f158554b4b4164701e1dfa1153c7.jpg
Young Adult,Burning,Â£28.81,https://books.toscrape.com/media/cache/26/95/269507c7bb35d2cec9b61a03d1c28e67.jpg
Young Adult,A Fierce and Subtle Poison,Â£28.13,https://books.toscrape.com/media/cache/12/f1/12f1963957f27fa83d51f76b183ef490.jpg
Young Adult,Scarlett Epstein Hates It Here,Â£43.55,https://books.toscrape.com/media/cache/0f/d3/0fd306891f8fd3196653022fd67d6c87.jpg
Young Adult,"Nightingale, Sing",Â£38.28,https://books.toscrape.com/media/cache/18/08/18086e581ad354aa65f945c2b5c51350.jpg
Young Adult,Library of Souls (Miss Peregrineâs Peculiar Children #3),Â£48.56,https://books.toscrape.com/media/cache/f8/54/f85417465a73e33604624205ba8306cc.jpg
Young Adult,Frostbite (Vampire Academy #2),Â£29.99,https://books.toscrape.com/media/cache/71/76/7176317f1915fa0658bb2fe400441207.jpg
Young Adult,Wild Swans,Â£14.36,https://books.toscrape.com/media/cache/bb/72/bb723ad463531c602ad8bcb244253bf3.jpg
Young Adult,Until Friday Night (The Field Party #1),Â£46.31,https://books.toscrape.com/media/cache/19/cf/19cf50aea5bf0e8f4bc016f3745b3dfe.jpg
Young Adult,This Is Where It Ends,Â£27.12,https://books.toscrape.com/media/cache/18/0b/180bfe1902cb3c0eb77d7c712efa2a96.jpg
Young Adult,The Darkest Lie,Â£35.35,https://books.toscrape.com/media/cache/1d/3c/1d3c05b772ab846c111970232360d2c5.jpg
Young Adult,My Kind of Crazy,Â£40.36,https://books.toscrape.com/media/cache/46/6e/466e9636819aad1126ac6cefb5313ba8.jpg
Young Adult,Don't Get Caught,Â£55.35,https://books.toscrape.com/media/cache/b2/df/b2df2ea409c5cf28538b67aff424b11f.jpg
Young Adult,Catching Jordan (Hundred Oaks),Â£50.83,https://books.toscrape.com/media/cache/ad/ac/adac97366586d261feab30bf5220756e.jpg
Young Adult,Aristotle and Dante Discover the Secrets of the Universe (Aristotle and Dante Discover the Secrets of the Universe #1),Â£58.14,https://books.toscrape.com/media/cache/61/1a/611aba0ef5b859ba1977ef30677b0194.jpg
Young Adult,The Epidemic (The Program 0.6),Â£14.44,https://books.toscrape.com/media/cache/87/cd/87cd652c35e2a78535c83becae33cff2.jpg
Young Adult,Stars Above (The Lunar Chronicles #4.5),Â£48.05,https://books.toscrape.com/media/cache/fd/5b/fd5b14399052ab552e240ed18ab03c6d.jpg
Science,The Most Perfect Thing: Inside (and Outside) a Bird's Egg,Â£42.96,https://books.toscrape.com/media/cache/d4/8d/d48d5122a15347e9fe2b15ad354d69bf.jpg
Science,Immunity: How Elie Metchnikoff Changed the Course of Modern Medicine,Â£57.36,https://books.toscrape.com/media/cache/26/1c/261c4eaf957ae4aacf2229b482e76dbe.jpg
Science,Sorting the Beef from the Bull: The Science of Food Fraud Forensics,Â£44.74,https://books.toscrape.com/media/cache/68/ca/68caaf9ac41964d5167a3eb67c638393.jpg
Science,Tipping Point for Planet Earth: How Close Are We to the Edge?,Â£37.55,https://books.toscrape.com/media/cache/56/97/5697f2f8f628129df01c5790985ffd9b.jpg
Science,"The Fabric of the Cosmos: Space, Time, and the Texture of Reality",Â£55.91,https://books.toscrape.com/media/cache/5e/7f/5e7f7d9913d4c95d33904770c518d537.jpg
Science,Diary of a Citizen Scientist: Chasing Tiger Beetles and Other New Ways of Engaging the World,Â£28.41,https://books.toscrape.com/media/cache/33/4f/334fd0ebdf0c0192baf5914d199c53b5.jpg
Science,The Origin of Species,Â£10.01,https://books.toscrape.com/media/cache/da/0d/da0d13699a090516502257a4d7da623f.jpg
Science,The Grand Design,Â£13.76,https://books.toscrape.com/media/cache/08/a9/08a957eb34f8047862e225774c3bdde2.jpg
Science,Peak: Secrets from the New Science of Expertise,Â£16.28,https://books.toscrape.com/media/cache/83/ab/83ab65f938b24fa1a9cb47235be49b57.jpg
Science,"The Elegant Universe: Superstrings, Hidden Dimensions, and the Quest for the Ultimate Theory",Â£13.03,https://books.toscrape.com/media/cache/69/c8/69c83860995cde393dbe6690ec3f1d4f.jpg
Science,"The Disappearing Spoon: And Other True Tales of Madness, Love, and the History of the World from the Periodic Table of the Elements",Â£57.35,https://books.toscrape.com/media/cache/f9/69/f969969428b505970a46272fdcea00d3.jpg
Science,"Surely You're Joking, Mr. Feynman!: Adventures of a Curious Character",Â£25.83,https://books.toscrape.com/media/cache/f8/bc/f8bcd489d33473e0819beaecccd5ebac.jpg
Science,Seven Brief Lessons on Physics,Â£30.60,https://books.toscrape.com/media/cache/c8/63/c863c222c130a1bc8685a1242dd2523d.jpg
Science,The Selfish Gene,Â£29.45,https://books.toscrape.com/media/cache/08/14/0814f26516fb72b7391d0a742b5928a2.jpg
Poetry,A Light in the Attic,Â£51.77,https://books.toscrape.com/media/cache/2c/da/2cdad67c44b002e7ead0cc35693c0e8b.jpg
Poetry,The Black Maria,Â£52.15,https://books.toscrape.com/media/cache/58/46/5846057e28022268153beff6d352b06c.jpg
Poetry,Shakespeare's Sonnets,Â£20.66,https://books.toscrape.com/media/cache/10/48/1048f63d3b5061cd2f424d20b3f9b666.jpg
Poetry,Olio,Â£23.88,https://books.toscrape.com/media/cache/55/33/553310a7162dfbc2c6d19a84da0df9e1.jpg
Poetry,You can't bury them all: Poems,Â£33.63,https://books.toscrape.com/media/cache/e9/20/e9203b733126c4a0832a1c7885dc27cf.jpg
Poetry,Slow States of Collapse: Poems,Â£57.31,https://books.toscrape.com/media/cache/72/41/72417db983862010ef0c1a25de98c7d7.jpg
Poetry,Untitled Collection: Sabbath Poems 2014,Â£14.27,https://books.toscrape.com/media/cache/f9/3b/f93b4a650f03a5d21f2436d7813f42c2.jpg
Poetry,Poems That Make Grown Women Cry,Â£14.19,https://books.toscrape.com/media/cache/38/64/386468a8c3e6b880664bf7885bf6f726.jpg
Poetry,Night Sky with Exit Wounds,Â£41.05,https://books.toscrape.com/media/cache/25/54/2554431c797ec725eea50b3f8a83758c.jpg
Poetry,salt.,Â£46.78,https://books.toscrape.com/media/cache/3f/41/3f4160ada0b16e3c64cd2d0dffe781c8.jpg
Poetry,"Quarter Life Poetry: Poems for the Young, Broke and Hangry",Â£50.89,https://books.toscrape.com/media/cache/c8/f2/c8f297fab080ddd02b3ed5c17b83af85.jpg
Poetry,Out of Print: City Lights Spotlight No. 14,Â£53.64,https://books.toscrape.com/media/cache/93/d5/93d5c64abfad9ed6a0cb2e26f19f1a1e.jpg
Poetry,Les Fleurs du Mal,Â£29.04,https://books.toscrape.com/media/cache/36/5b/365b3ab7ab72a6258873716aef6d5c1a.jpg
Poetry,Howl and Other Poems,Â£40.45,https://books.toscrape.com/media/cache/b7/29/b7293f602efb0c17e305077f8175888a.jpg
Poetry,Leave This Song Behind: Teen Poetry at Its Best,Â£51.17,https://books.toscrape.com/media/cache/31/c7/31c7c5ce7b04d227aa36ecb250b9dad5.jpg
Poetry,The Collected Poems of W.B. Yeats (The Collected Works of W.B. Yeats #1),Â£15.42,https://books.toscrape.com/media/cache/7e/93/7e934132cd03486649fb492fe702f704.jpg
Poetry,The Crossover,Â£38.77,https://books.toscrape.com/media/cache/9f/35/9f351ca1978128c60a3b7f85987075b3.jpg
Poetry,Booked,Â£17.49,https://books.toscrape.com/media/cache/8f/46/8f46bb13feb3a4440a27dfcf688fbaa6.jpg
Poetry,Twenty Love Poems and a Song of Despair,Â£30.95,https://books.toscrape.com/media/cache/df/ab/dfab1d94f9190df7c13b63a093a6d16e.jpg
Paranormal,"Vampire Knight, Vol. 1 (Vampire Knight #1)",Â£15.40,https://books.toscrape.com/media/cache/4b/97/4b972f89c11900ac0e84726d1f07bfcc.jpg
Art,Wall and Piece,Â£44.18,https://books.toscrape.com/media/cache/a5/41/a5416b9646aaa7287baa287ec2590270.jpg
Art,Feathers: Displays of Brilliant Plumage,Â£49.05,https://books.toscrape.com/media/cache/f2/ee/f2ee668cf593ff13a9560c2801e9c2a2.jpg
Art,Art and Fear: Observations on the Perils (and Rewards) of Artmaking,Â£48.63,https://books.toscrape.com/media/cache/ef/80/ef80e6100214c486562a73ce76444826.jpg
Art,The New Drawing on the Right Side of the Brain,Â£43.02,https://books.toscrape.com/media/cache/6a/55/6a55ccd4bc2383f5fe915fbef8bd5a23.jpg
Art,History of Beauty,Â£10.29,https://books.toscrape.com/media/cache/58/a6/58a634c3231b5380544cc330536cb5ea.jpg
Art,The Story of Art,Â£41.14,https://books.toscrape.com/media/cache/bb/36/bb364a10868756d1c0877c928b43b533.jpg
Art,The Art Book,Â£32.34,https://books.toscrape.com/media/cache/99/51/99511f4da1a4a2114e2ed12e6ba17b65.jpg
Art,Ways of Seeing,Â£39.51,https://books.toscrape.com/media/cache/a8/3a/a83a4d31d30dc3cb26a29899a5c3b91d.jpg
Psychology,The Lucifer Effect: Understanding How Good People Turn Evil,Â£10.40,https://books.toscrape.com/media/cache/a6/c8/a6c8256b123493472591c5855c7de704.jpg
Psychology,The Golden Condom: And Other Essays on Love Lost and Found,Â£39.43,https://books.toscrape.com/media/cache/dc/4d/dc4d070e33813a07a4e02f069e6d482f.jpg
Psychology,It Didn't Start with You: How Inherited Family Trauma Shapes Who We Are and How to End the Cycle,Â£56.27,https://books.toscrape.com/media/cache/ee/a9/eea9e831f8964b4dc0190c84a1f9a1f6.jpg
Psychology,An Unquiet Mind: A Memoir of Moods and Madness,Â£21.30,https://books.toscrape.com/media/cache/00/29/002924b764dc367dcaa3486fa4c0aa0b.jpg
Psychology,"Thinking, Fast and Slow",Â£21.14,https://books.toscrape.com/media/cache/b4/a5/b4a56663d56f1e84ee1b15bd819563cc.jpg
Psychology,Civilization and Its Discontents,Â£59.95,https://books.toscrape.com/media/cache/4d/a6/4da6939a6bbd895a5acdeabad46d1f9f.jpg
Psychology,8 Keys to Mental Health Through Exercise,Â£31.04,https://books.toscrape.com/media/cache/b8/44/b844a77409f1d53cbb66148820abc217.jpg
Autobiography,The Argonauts,Â£10.93,https://books.toscrape.com/media/cache/0a/15/0a1567cd04a6582d333db71337b4e2a6.jpg
Autobiography,M Train,Â£27.18,https://books.toscrape.com/media/cache/d6/e8/d6e8258cee98f80727e99f7ac5aa1b88.jpg
Autobiography,Lab Girl,Â£40.85,https://books.toscrape.com/media/cache/e9/72/e972f8b4abaaa6f8f449479cd9d87be3.jpg
Autobiography,Approval Junkie: Adventures in Caring Too Much,Â£58.81,https://books.toscrape.com/media/cache/17/aa/17aacb738eace89a635a4eb47a94c11d.jpg
Autobiography,Running with Scissors,Â£12.91,https://books.toscrape.com/media/cache/66/c7/66c7a1537c8901e1e4ec217d1956bae8.jpg
Autobiography,Me Talk Pretty One Day,Â£57.60,https://books.toscrape.com/media/cache/98/9f/989fe700e9e6bdec4fc3217daa5b7df3.jpg
Autobiography,Lust & Wonder,Â£11.87,https://books.toscrape.com/media/cache/61/ba/61ba5bc1ee3d8cb3dd350120ffa3f31e.jpg
Autobiography,Life Without a Recipe,Â£59.04,https://books.toscrape.com/media/cache/80/b3/80b3e38be4204b3b64cdbe8c80dcf1f9.jpg
Autobiography,A Heartbreaking Work of Staggering Genius,Â£54.29,https://books.toscrape.com/media/cache/7a/58/7a587c5814f33c0c54e8bfa0ef66d690.jpg
Parenting,Catastrophic Happiness: Finding Joy in Childhood's Messy Years,Â£37.35,https://books.toscrape.com/media/cache/7d/0b/7d0bb832760e81c281d8d283ba6a2b09.jpg
Adult Fiction,Fifty Shades Freed (Fifty Shades #3),Â£15.36,https://books.toscrape.com/media/cache/18/d8/18d8e02c75c2ef23556c9746fae57e43.jpg
Humor,The Long Haul (Diary of a Wimpy Kid #9),Â£44.07,https://books.toscrape.com/media/cache/46/bd/46bdee520b8136972262fd040533772d.jpg
Humor,Old School (Diary of a Wimpy Kid #10),Â£11.83,https://books.toscrape.com/media/cache/df/5d/df5d172abe87deda6d533e3e908d27d8.jpg
Humor,I Know What I'm Doing -- and Other Lies I Tell Myself: Dispatches from a Life Under Construction,Â£25.98,https://books.toscrape.com/media/cache/ea/7b/ea7bcac4b27a5bf6d4f8125bb7af3361.jpg
Humor,"Hyperbole and a Half: Unfortunate Situations, Flawed Coping Mechanisms, Mayhem, and Other Things That Happened",Â£14.75,https://books.toscrape.com/media/cache/b5/a9/b5a90d1c36a96513942f006345ace3d2.jpg
Humor,Dress Your Family in Corduroy and Denim,Â£43.68,https://books.toscrape.com/media/cache/df/14/df1418baa09e00b877be35066084c9dc.jpg
Humor,Toddlers Are A**holes: It's Not Your Fault,Â£25.55,https://books.toscrape.com/media/cache/4c/30/4c3041def6f29659e009f61e45e492b0.jpg
Humor,When You Are Engulfed in Flames,Â£30.89,https://books.toscrape.com/media/cache/73/36/733662595aede2dff1a5be1e76a3b936.jpg
Humor,Naked,Â£31.69,https://books.toscrape.com/media/cache/e7/12/e71268a559d73826aa64151d47357a12.jpg
Humor,"Lamb: The Gospel According to Biff, Christ's Childhood Pal",Â£55.50,https://books.toscrape.com/media/cache/a1/03/a10370da29e4ba78c7a75a14041eae0e.jpg
Humor,Holidays on Ice,Â£51.07,https://books.toscrape.com/media/cache/4b/9a/4b9a2a6d4c995e12fe216f6173a582be.jpg
Horror,Security,Â£39.25,https://books.toscrape.com/media/cache/da/df/dadfac66a89774b46b10225362724c83.jpg
Horror,Follow You Home,Â£21.36,https://books.toscrape.com/media/cache/a7/4b/a74b35375ce874153fd352e33bc7bac9.jpg
Horror,The Loney,Â£23.40,https://books.toscrape.com/media/cache/6d/10/6d10387a0175701d4ff456a0c7eee67b.jpg
Horror,Pet Sematary,Â£10.56,https://books.toscrape.com/media/cache/7a/72/7a72465b21dbf998323e37b31f9a3f4a.jpg
Horror,Doctor Sleep (The Shining #2),Â£40.12,https://books.toscrape.com/media/cache/55/bf/55bfc858c1cb19867e41415532ae43c6.jpg
Horror,Psycho: Sanitarium (Psycho #1.5),Â£36.97,https://books.toscrape.com/media/cache/02/5c/025c30a378e2a4190e84f1429e81b803.jpg
Horror,Can You Keep a Secret? (Fear Street Relaunch #4),Â£48.64,https://books.toscrape.com/media/cache/0b/2f/0b2f432cc27132f688fcdf29618521e0.jpg
Horror,Red Dragon (Hannibal Lecter #1),Â£23.37,https://books.toscrape.com/media/cache/30/66/3066f8bcd2e2ed6b45084355ff084a61.jpg
Horror,Dracula the Un-Dead,Â£35.63,https://books.toscrape.com/media/cache/13/ff/13fffcde653948339d3427184b7bd0b5.jpg
Horror,Night Shift (Night Shift #1-20),Â£12.75,https://books.toscrape.com/media/cache/c0/02/c0029d48c2588e6d2a6a31c9f96088ba.jpg
Horror,Needful Things,Â£47.51,https://books.toscrape.com/media/cache/2d/e0/2de0eff716ca13d12cf5420e88e1a8b3.jpg
Horror,Misery,Â£34.79,https://books.toscrape.com/media/cache/7c/93/7c9302e392e128881e926d19f761da33.jpg
Horror,It,Â£25.01,https://books.toscrape.com/media/cache/f7/b7/f7b73392b12909a1e8261ef3f96c5fd1.jpg
Horror,'Salem's Lot,Â£49.56,https://books.toscrape.com/media/cache/ee/d3/eed3afc5e444e3da5eec34e2b0036ec7.jpg
Horror,The Stand,Â£57.86,https://books.toscrape.com/media/cache/3a/7c/3a7c2393061031e7911d7b533b723391.jpg
Horror,The Girl with All the Gifts,Â£49.47,https://books.toscrape.com/media/cache/41/c7/41c74d82b853606fe98182c417b4669c.jpg
Horror,House of Leaves,Â£54.89,https://books.toscrape.com/media/cache/14/25/142563ccee483bc07632f9c083a68326.jpg
History,Sapiens: A Brief History of Humankind,Â£54.23,https://books.toscrape.com/media/cache/be/a5/bea5697f2534a2f86a3ef27b5a8c12a6.jpg
History,"Unbound: How Eight Technologies Made Us Human, Transformed Society, and Brought Our World to the Brink",Â£25.52,https://books.toscrape.com/media/cache/4a/3b/4a3b055f9e378a95fedbef55e7bab7ce.jpg
History,The Age of Genius: The Seventeenth Century and the Birth of the Modern Mind,Â£19.73,https://books.toscrape.com/media/cache/2d/4e/2d4e358712e6c9f1d3bdd78d1a16e5a8.jpg
History,"Political Suicide: Missteps, Peccadilloes, Bad Calls, Backroom Hijinx, Sordid Pasts, Rotten Breaks, and Just Plain Dumb Mistakes in the Annals of American Politics",Â£36.28,https://books.toscrape.com/media/cache/64/44/6444dacdcb9edaadbbd691524622aeb8.jpg
History,Thomas Jefferson and the Tripoli Pirates: The Forgotten War That Changed American History,Â£59.64,https://books.toscrape.com/media/cache/97/47/974709d437b08e74649b5744471bf472.jpg
History,Zealot: The Life and Times of Jesus of Nazareth,Â£24.70,https://books.toscrape.com/media/cache/3d/60/3d6003fc37b842a07c2dbe28e47448e1.jpg
History,A Distant Mirror: The Calamitous 14th Century,Â£14.58,https://books.toscrape.com/media/cache/41/d5/41d5fa6a81cdbcbe6b0b15757a4c9144.jpg
History,1491: New Revelations of the Americas Before Columbus,Â£21.80,https://books.toscrape.com/media/cache/88/75/8875f384ce9103281b7f6e86a2b8204d.jpg
History,Brilliant Beacons: A History of the American Lighthouse,Â£11.45,https://books.toscrape.com/media/cache/56/cb/56cb66d73fb438d64af14dce8bd8b22b.jpg
History,"""Most Blessed of the Patriarchs"": Thomas Jefferson and the Empire of the Imagination",Â£44.48,https://books.toscrape.com/media/cache/11/af/11af7fbd6aec06a75fe207fae92b17e0.jpg
History,A Short History of Nearly Everything,Â£52.40,https://books.toscrape.com/media/cache/3c/f6/3cf646523ff7fb8647c500d6325cfcaf.jpg
History,The Rise and Fall of the Third Reich: A History of Nazi Germany,Â£39.67,https://books.toscrape.com/media/cache/e1/02/e102cefae5bb523bc67eb6b49bc18b5d.jpg
History,Catherine the Great: Portrait of a Woman,Â£58.55,https://books.toscrape.com/media/cache/72/f1/72f13b8f069d3a018d2c378be5a1de20.jpg
History,The Mathews Men: Seven Brothers and the War Against Hitler's U-boats,Â£42.91,https://books.toscrape.com/media/cache/f2/64/f26457d65a03b2636c4bcc7c318f7346.jpg
History,The Hiding Place,Â£55.91,https://books.toscrape.com/media/cache/cf/18/cf187c1dc5575fcbbf49c58024146c4b.jpg
History,America's War for the Greater Middle East: A Military History,Â£51.22,https://books.toscrape.com/media/cache/eb/17/eb178eceef1e9290591cabd5155571a3.jpg
History,The Guns of August,Â£14.54,https://books.toscrape.com/media/cache/06/c8/06c897070611b78b80a37333cbb7851c.jpg
History,"House of Lost Worlds: Dinosaurs, Dynasties, and the Story of Life on Earth",Â£43.70,https://books.toscrape.com/media/cache/43/fd/43fda1db93163d67705264dcfa98aaa5.jpg
Food and Drink,"Foolproof Preserving: A Guide to Small Batch Jams, Jellies, Pickles, Condiments, and More: A Foolproof Guide to Making Small Batch Jams, Jellies, Pickles, Condiments, and More",Â£30.52,https://books.toscrape.com/media/cache/9f/59/9f59f01fa916a7bb8f0b28a4012179a4.jpg
Food and Drink,"The Pioneer Woman Cooks: Dinnertime: Comfort Classics, Freezer Food, 16-Minute Meals, and Other Delicious Ways to Solve Supper!",Â£56.41,https://books.toscrape.com/media/cache/b7/f4/b7f4843dbe062d44be1ffcfa16b2faa4.jpg
Food and Drink,My Paris Kitchen: Recipes and Stories,Â£33.37,https://books.toscrape.com/media/cache/f5/65/f565af3d9dd20a1ad72a1e7c4157387d.jpg
Food and Drink,"Mama Tried: Traditional Italian Cooking for the Screwed, Crude, Vegan, and Tattooed",Â£14.02,https://books.toscrape.com/media/cache/10/c6/10c61093002db1fec4089d8076678624.jpg
Food and Drink,"Layered: Baking, Building, and Styling Spectacular Cakes",Â£40.11,https://books.toscrape.com/media/cache/98/d1/98d1c979c4bac9e147a6718946578b0f.jpg
Food and Drink,The Nerdy Nummies Cookbook: Sweet Treats for the Geek in All of Us,Â£37.34,https://books.toscrape.com/media/cache/61/bd/61bdfe3950643c47d70c37c4123530f3.jpg
Food and Drink,The Love and Lemons Cookbook: An Apple-to-Zucchini Celebration of Impromptu Cooking,Â£37.60,https://books.toscrape.com/media/cache/0d/1f/0d1f3f934460f5a50aaa8c366641234c.jpg
Food and Drink,The Cookies & Cups Cookbook: 125+ sweet & savory recipes reminding you to Always Eat Dessert First,Â£41.25,https://books.toscrape.com/media/cache/54/89/54899b4584e941ceced511d81092c88a.jpg
Food and Drink,"Deliciously Ella Every Day: Quick and Easy Recipes for Gluten-Free Snacks, Packed Lunches, and Simple Meals",Â£42.16,https://books.toscrape.com/media/cache/20/f2/20f28657b49f8cb24ed2ec6448bb6df3.jpg
Food and Drink,The Help Yourself Cookbook for Kids: 60 Easy Plant-Based Recipes Kids Can Make to Stay Healthy and Save the Earth,Â£28.77,https://books.toscrape.com/media/cache/c4/dc/c4dcec6f513eaca3f0f3c748d834c46d.jpg
Food and Drink,"It's All Easy: Healthy, Delicious Weeknight Meals in under 30 Minutes",Â£19.55,https://books.toscrape.com/media/cache/fe/67/fe67c381d6a0c4c00a7c191d16939554.jpg
Food and Drink,Barefoot Contessa Back to Basics,Â£28.01,https://books.toscrape.com/media/cache/b8/38/b838b65e0e1ac3a9b498dfb1bf004420.jpg
Food and Drink,Barefoot Contessa at Home: Everyday Recipes You'll Make Over and Over Again,Â£50.62,https://books.toscrape.com/media/cache/74/aa/74aa29b1ba4147eaf5b46671bf235861.jpg
Food and Drink,My Kitchen Year: 136 Recipes That Saved My Life,Â£11.53,https://books.toscrape.com/media/cache/76/a1/76a1516c8d9c3e620626f30840013a85.jpg
Food and Drink,Everyday Italian: 125 Simple and Delicious Recipes,Â£20.10,https://books.toscrape.com/media/cache/5a/64/5a6499d41ccaad4c4f7eeaa90e16345a.jpg
Food and Drink,"A la Mode: 120 Recipes in 60 Pairings: Pies, Tarts, Cakes, Crisps, and More Topped with Ice Cream, Gelato, Frozen Custard, and More",Â£38.77,https://books.toscrape.com/media/cache/98/19/9819ff3a8290dc6ab8797d00de5ec554.jpg
Food and Drink,Cravings: Recipes for What You Want to Eat,Â£20.50,https://books.toscrape.com/media/cache/ae/5c/ae5ca435fb095e374d2c2aa9f7b6f380.jpg
Food and Drink,"The Moosewood Cookbook: Recipes from Moosewood Restaurant, Ithaca, New York",Â£12.34,https://books.toscrape.com/media/cache/d4/53/d453cfb6c08dbf76d200ffa858bc9979.jpg
Food and Drink,32 Yolks,Â£53.63,https://books.toscrape.com/media/cache/1d/1f/1d1fbd89f0290275b9166877663ee9f5.jpg
Food and Drink,"Naturally Lean: 125 Nourishing Gluten-Free, Plant-Based Recipes--All Under 300 Calories",Â£11.38,https://books.toscrape.com/media/cache/e6/b6/e6b66353f9325518994dd8b564290fd7.jpg
Christian Fiction,Redeeming Love,Â£20.47,https://books.toscrape.com/media/cache/21/21/2121ba78e26194d92c334fde3850f840.jpg
Christian Fiction,Close to You,Â£49.46,https://books.toscrape.com/media/cache/fa/f6/faf6d69a42f477e1da80a71f05a4dc25.jpg
Christian Fiction,Shadows of the Past (Logan Point #1),Â£39.67,https://books.toscrape.com/media/cache/93/e0/93e0ec623673a8f83598c9aa7b6c94ec.jpg
Christian Fiction,Like Never Before (Walker Family #2),Â£28.77,https://books.toscrape.com/media/cache/17/e2/17e264d978942f73b859fa1c1d2cf827.jpg
Christian Fiction,Counted With the Stars (Out from Egypt #1),Â£17.97,https://books.toscrape.com/media/cache/32/2c/322c1f6cce6d5a69a7d2321779195a0c.jpg
Christian Fiction,If I Run (If I Run #1),Â£49.97,https://books.toscrape.com/media/cache/c3/d0/c3d0f2fb5cacbca64639a679b962e1b9.jpg
Business,The Dirty Little Secrets of Getting Your Dream Job,Â£33.34,https://books.toscrape.com/media/cache/92/27/92274a95b7c251fea59a2b8a78275ab4.jpg
Business,The Third Wave: An Entrepreneurâs Vision of the Future,Â£12.61,https://books.toscrape.com/media/cache/d0/77/d077a30042df6b916bfc8d257345c69e.jpg
Business,The 10% Entrepreneur: Live Your Startup Dream Without Quitting Your Day Job,Â£27.55,https://books.toscrape.com/media/cache/82/93/82939ca78da0b724f16ec814849514fd.jpg
Business,Shoe Dog: A Memoir by the Creator of NIKE,Â£23.99,https://books.toscrape.com/media/cache/19/aa/19aa1184a3565b1dae6092146018e109.jpg
Business,Made to Stick: Why Some Ideas Survive and Others Die,Â£38.85,https://books.toscrape.com/media/cache/e2/2e/e22e4a82d97f9f0689d5295a98f5dcff.jpg
Business,Quench Your Own Thirst: Business Lessons Learned Over a Beer or Two,Â£43.14,https://books.toscrape.com/media/cache/2d/fd/2dfdc52bcdbd82dee50372bc46c83e15.jpg
Business,The Art of Startup Fundraising,Â£21.00,https://books.toscrape.com/media/cache/b3/7b/b37be83183f1dcb759d92bda8f8998a4.jpg
Business,Born for This: How to Find the Work You Were Meant to Do,Â£21.59,https://books.toscrape.com/media/cache/aa/67/aa677a97ecdcbbde7471f1c90ed0cf6f.jpg
Business,The E-Myth Revisited: Why Most Small Businesses Don't Work and What to Do About It,Â£36.91,https://books.toscrape.com/media/cache/11/2c/112c55a6bcd401c3bd603f5ddb2e6b82.jpg
Business,"Rich Dad, Poor Dad",Â£51.74,https://books.toscrape.com/media/cache/18/f4/18f45d31e3892fee589e23f15d759ee3.jpg
Business,The Lean Startup: How Today's Entrepreneurs Use Continuous Innovation to Create Radically Successful Businesses,Â£33.92,https://books.toscrape.com/media/cache/39/f1/39f167dff90d7f84f5c8dc5e05d4051b.jpg
Business,Rework,Â£44.88,https://books.toscrape.com/media/cache/54/10/5410a58193e2373c04b3021ade78a82b.jpg
Biography,Louisa: The Extraordinary Life of Mrs. Adams,Â£16.85,https://books.toscrape.com/media/cache/6f/d9/6fd92e5143cbd5bb8bcf034e5f007dde.jpg
Biography,"Setting the World on Fire: The Brief, Astonishing Life of St. Catherine of Siena",Â£21.15,https://books.toscrape.com/media/cache/8b/c4/8bc43a6b42d0283ab4bf611f1b497126.jpg
Biography,The Faith of Christopher Hitchens: The Restless Soul of the World's Most Notorious Atheist,Â£39.55,https://books.toscrape.com/media/cache/cc/a4/cca4e6a4cd5c207e7ce7d992ff464c3b.jpg
Biography,Benjamin Franklin: An American Life,Â£48.19,https://books.toscrape.com/media/cache/25/f8/25f869fa75340fca0fc2a68e8a0412a1.jpg
Biography,The Rise of Theodore Roosevelt (Theodore Roosevelt #1),Â£42.57,https://books.toscrape.com/media/cache/ff/d4/ffd45d95f314555e20c923d3522adea7.jpg
Thriller,In Her Wake,Â£12.84,https://books.toscrape.com/media/cache/5d/72/5d72709c6a7a9584a4d1cf07648bfce1.jpg
Thriller,The Elephant Tree,Â£23.82,https://books.toscrape.com/media/cache/5d/7e/5d7ecde8e81513eba8a64c9fe000744b.jpg
Thriller,Behind Closed Doors,Â£52.22,https://books.toscrape.com/media/cache/e1/5c/e15c289ba58cea38519e1281e859f0c1.jpg
Thriller,You (You #1),Â£43.61,https://books.toscrape.com/media/cache/d6/97/d697268540fa982f4dce39f61ed3a342.jpg
Thriller,The Guilty (Will Robie #4),Â£13.82,https://books.toscrape.com/media/cache/76/de/76deee06ffe45e646c0113af01f4f401.jpg
Thriller,The 14th Colony (Cotton Malone #11),Â£39.24,https://books.toscrape.com/media/cache/d9/1a/d91aae72af6c1cb2c63163acabe7895c.jpg
Thriller,Give It Back,Â£18.32,https://books.toscrape.com/media/cache/8b/7c/8b7c73e075cc687b6890dc0dca9fcbcc.jpg
Thriller,Killing Floor (Jack Reacher #1),Â£31.49,https://books.toscrape.com/media/cache/eb/e9/ebe9f06ccebf83d9853a846052b58fff.jpg
Thriller,The Bone Hunters (Lexy Vaughan & Steven Macaulay #2),Â£59.71,https://books.toscrape.com/media/cache/ee/d4/eed4d5d63d13f0aa86575c90f8ccacb7.jpg
Thriller,Far From True (Promise Falls Trilogy #2),Â£34.93,https://books.toscrape.com/media/cache/87/54/8754267f27581996f93e8d94d3c04bf9.jpg
Thriller,The Travelers,Â£15.77,https://books.toscrape.com/media/cache/2a/a8/2aa8afd15f97617ab75f616766161cda.jpg
Contemporary,When We Collided,Â£31.77,https://books.toscrape.com/media/cache/08/04/08044269fc197645268a6197c57e6173.jpg
Contemporary,Someone Like You (The Harrisons #2),Â£52.79,https://books.toscrape.com/media/cache/e3/d0/e3d05227f3fc24f0e0c84ccebe108fb0.jpg
Contemporary,We Are All Completely Beside Ourselves,Â£24.04,https://books.toscrape.com/media/cache/4d/18/4d1891e435c6692c864331c585e0d014.jpg
Spirituality,The Four Agreements: A Practical Guide to Personal Freedom,Â£17.66,https://books.toscrape.com/media/cache/0f/7e/0f7ee69495c0df1d35723f012624a9f8.jpg
Spirituality,The Activist's Tao Te Ching: Ancient Advice for a Modern Revolution,Â£32.24,https://books.toscrape.com/media/cache/96/db/96db61bb53930c560fb4c1c62b583816.jpg
Spirituality,Chasing Heaven: What Dying Taught Me About Living,Â£37.80,https://books.toscrape.com/media/cache/b7/6a/b76a73640d26b09c4a6f373b09050bed.jpg
Spirituality,If I Gave You God's Phone Number....: Searching for Spirituality in America,Â£20.91,https://books.toscrape.com/media/cache/87/fe/87fe3f7f3f62c1b1b81890578c9cf294.jpg
Spirituality,Unreasonable Hope: Finding Faith in the God Who Brings Purpose to Your Pain,Â£46.33,https://books.toscrape.com/media/cache/8b/10/8b102daec94d1ea9c6fc36dd3ec1c1fe.jpg
Spirituality,A New Earth: Awakening to Your Life's Purpose,Â£55.65,https://books.toscrape.com/media/cache/83/c8/83c834b3779be4e577c37ead6d2acf65.jpg
Academic,Logan Kade (Fallen Crest High #5.5),Â£13.12,https://books.toscrape.com/media/cache/d9/4e/d94e6206c2decd3acd9a61b2cbac7eaf.jpg
Self Help,Online Marketing for Busy Authors: A Step-By-Step Guide,Â£46.35,https://books.toscrape.com/media/cache/ea/9b/ea9b2cb8abbb317402e618445bade1e1.jpg
Self Help,How to Be Miserable: 40 Strategies You Already Use,Â£46.03,https://books.toscrape.com/media/cache/da/8b/da8bc9b824dd3f446ef63e438ddbfc85.jpg
Self Help,"Overload: How to Unplug, Unwind, and Unleash Yourself from the Pressure of Stress",Â£52.15,https://books.toscrape.com/media/cache/9c/da/9cda4893c7fce0c1c8eaa34fb092aa04.jpg
Self Help,You Are a Badass: How to Stop Doubting Your Greatness and Start Living an Awesome Life,Â£12.08,https://books.toscrape.com/media/cache/9e/15/9e15d7add5090ff2a17bd71ac96aa55a.jpg
Self Help,How to Stop Worrying and Start Living,Â£46.49,https://books.toscrape.com/media/cache/4f/08/4f08f7948770912e4e340e10caa604cb.jpg
Historical,All the Light We Cannot See,Â£29.87,https://books.toscrape.com/media/cache/41/c3/41c37f7f0e03ee1144dd6fa89483b5d9.jpg
Historical,The Girl You Left Behind (The Girl You Left Behind #1),Â£15.79,https://books.toscrape.com/media/cache/d0/b6/d0b6d59c0662dcbd15d47add40af1ebd.jpg
Christian,(Un)Qualified: How God Uses Broken People to Do Big Things,Â£54.00,https://books.toscrape.com/media/cache/cd/db/cddb3eb483ef11a088d519205b7098fb.jpg
Christian,Crazy Love: Overwhelmed by a Relentless God,Â£47.72,https://books.toscrape.com/media/cache/03/f1/03f1e337afadba35687672b5625a9757.jpg
Christian,Blue Like Jazz: Nonreligious Thoughts on Christian Spirituality,Â£25.77,https://books.toscrape.com/media/cache/a2/f5/a2f5b5fd4421d56d37c73a7fb29f5f40.jpg
Suspense,Silence in the Dark (Logan Point #4),Â£58.33,https://books.toscrape.com/media/cache/bb/1c/bb1c91883579f1f99fe6ebf13b92c1c1.jpg
Short Stories,The Grownup,Â£35.88,https://books.toscrape.com/media/cache/f4/cb/f4cb1f9c7280bf1fd05fe33d2816080f.jpg
Novels,Suzie Snowflake: One beautiful flake (a self-esteem story),Â£54.81,https://books.toscrape.com/media/cache/db/cc/dbcc9d63b73ce9058d53f36465dbe2b2.jpg
Health,"The Bulletproof Diet: Lose up to a Pound a Day, Reclaim Energy and Focus, Upgrade Your Life",Â£49.05,https://books.toscrape.com/media/cache/ee/3e/ee3e219d23e73ba71c79b700f183aaed.jpg
Health,"Eat Fat, Get Thin",Â£54.07,https://books.toscrape.com/media/cache/62/3f/623f8e7f7432ce744f4318aae8166ce4.jpg
Health,10-Day Green Smoothie Cleanse: Lose Up to 15 Pounds in 10 Days!,Â£49.71,https://books.toscrape.com/media/cache/23/c2/23c2108ae81327c7f3fb0721976cba5e.jpg
Health,The Art and Science of Low Carbohydrate Living,Â£52.98,https://books.toscrape.com/media/cache/4b/d4/4bd43108fb070ad8ebba9cdb00b14069.jpg
Politics,Libertarianism for Beginners,Â£51.33,https://books.toscrape.com/media/cache/0b/bc/0bbcd0a6f4bcd81ccb1049a52736406e.jpg
Politics,Why the Right Went Wrong: Conservatism--From Goldwater to the Tea Party and Beyond,Â£52.65,https://books.toscrape.com/media/cache/db/1b/db1babd3c09b84da800b0e9897fe0097.jpg
Politics,Equal Is Unfair: America's Misguided Fight Against Income Inequality,Â£56.86,https://books.toscrape.com/media/cache/00/11/001153d2a22d889837efac1703e10a5e.jpg
Cultural,Amid the Chaos,Â£36.58,https://books.toscrape.com/media/cache/52/46/524655fade1d9fe1475395a3eaff827a.jpg
Erotica,Dark Notes,Â£19.19,https://books.toscrape.com/media/cache/6e/4e/6e4e8f4f4abd94356a9be840e4681e65.jpg
Crime,The Long Shadow of Small Ghosts: Murder and Memory in an American City,Â£10.97,https://books.toscrape.com/media/cache/f2/e5/f2e51dd2b26600459f8eaeb6b9eecaa7.jpg
